{
    "title": "RFP:Request for Proposal To Present a Proposal for Developing the Business Plan for the Ontario Digital Library  ",
    "outline": [
        {
            "level": "H1",
            "text": "Ontario\u2019s Digital Library ",
            "page": 1
        },
        {
            "level": "H1",
            "text": "A Critical Component for Implementing Ontario\u2019s Road Map to Prosperity Strategy ",
            "page": 1
        },
        {
            "level": "H2",
            "text": "Summary ",
            "page": 1
        },
        {
            "level": "H3",
            "text": "Timeline: ",
            "page": 1
        },
        {
            "level": "H2",
            "text": "Background ",
            "page": 2
        },
        {
            "level": "H3",
            "text": "Equitable access for all Ontarians: ",
            "page": 3
        },
        {
            "level": "H3",
            "text": "Shared decision-making and accountability: ",
            "page": 3
        },
        {
            "level": "H3",
            "text": "Shared governance structure: ",
            "page": 3
        },
        {
            "level": "H3",
            "text": "Shared funding: ",
            "page": 3
        },
        {
            "level": "H3",
            "text": "Local points of entry: ",
            "page": 4
        },
        {
            "level": "H3",
            "text": "Access: ",
            "page": 4
        },
        {
            "level": "H3",
            "text": "Guidance and Advice: ",
            "page": 4
        },
        {
            "level": "H3",
            "text": "Training: ",
            "page": 4
        },
        {
            "level": "H3",
            "text": "Provincial Purchasing & Licensing: ",
            "page": 4
        },
        {
            "level": "H3",
            "text": "Technological Support: ",
            "page": 4
        },
        {
            "level": "H3",
            "text": "What could the ODL really mean? ",
            "page": 4
        },
        {
            "level": "H4",
            "text": "For each Ontario citizen it could mean: ",
            "page": 4
        },
        {
            "level": "H4",
            "text": "For each Ontario student it could mean: ",
            "page": 4
        },
        {
            "level": "H4",
            "text": "For each Ontario library it could mean: ",
            "page": 5
        },
        {
            "level": "H4",
            "text": "For the Ontario government it could mean: ",
            "page": 5
        },
        {
            "level": "H2",
            "text": "The Business Plan to be Developed ",
            "page": 5
        },
        {
            "level": "H3",
            "text": "Milestones ",
            "page": 6
        },
        {
            "level": "H2",
            "text": "Approach and Specific Proposal Requirements ",
            "page": 6
        },
        {
            "level": "H2",
            "text": "Evaluation and Awarding of Contract ",
            "page": 7
        },
        {
            "level": "H2",
            "text": "Appendix A: ODL Envisioned Phases & Funding ",
            "page": 8
        },
        {
            "level": "H3",
            "text": "Phase I: Business Planning ",
            "page": 8
        },
        {
            "level": "H3",
            "text": "Phase II: Implementing and Transitioning ",
            "page": 8
        },
        {
            "level": "H3",
            "text": "Phase III: Operating and Growing the ODL ",
            "page": 8
        },
        {
            "level": "H2",
            "text": "Appendix B: ODL Steering Committee Terms of Reference ",
            "page": 10
        },
        {
            "level": "H3",
            "text": "1. Preamble ",
            "page": 10
        },
        {
            "level": "H3",
            "text": "2. Terms of Reference ",
            "page": 10
        },
        {
            "level": "H3",
            "text": "3. Membership ",
            "page": 10
        },
        {
            "level": "H3",
            "text": "4. Appointment Criteria and Process ",
            "page": 11
        },
        {
            "level": "H3",
            "text": "5. Term ",
            "page": 11
        },
        {
            "level": "H3",
            "text": "6. Chair ",
            "page": 11
        },
        {
            "level": "H3",
            "text": "7. Meetings ",
            "page": 11
        },
        {
            "level": "H3",
            "text": "8. Lines of Accountability and Communication ",
            "page": 11
        },
        {
            "level": "H3",
            "text": "9. Financial and Administrative Policies ",
            "page": 12
        },
        {
            "level": "H2",
            "text": "Appendix C: ODL\u2019s Envisioned Electronic Resources ",
            "page": 13
        }
    ]
}